{"devices":{"mobile":{"scrollSettings":{"type":"smooth","speed":100,"easing":"default","duration":1200,"isInfinite":false},"canvases":{"iwq9":{"sceneId":"bf92f8a3-c3cb-427f-9e6e-73575c749606"}}},"tablet":{"scrollSettings":{"type":"smooth","speed":100,"easing":"default","duration":1200,"isInfinite":false},"canvases":{"iwq9":{}}},"desktop":{"scrollSettings":{"type":"smooth","speed":100,"easing":"default","duration":1200,"isInfinite":false},"canvases":{"iwq9":{"sceneId":"a2be68de-75b9-45eb-b89f-cac9fd6cde5c","cameraId":"ea94b165-c53b-4704-87a9-1633ae09cd51"}}}},"sections":{"i9wvtj":{"name":"body","offsetY":-10,"hash":"body"},"ilex4h":{"name":"start","offsetY":0,"hash":"start"},"iee4h3-4":{"name":"video","offsetY":0,"hash":"video"},"i58eb-2-2":{"name":"hero","offsetY":0,"hash":"hero"},"iqidrx-2-2":{"name":"market","offsetY":0,"hash":"market"},"igeicrq-4":{"name":"caret-down","offsetY":0,"hash":"caret-down"},"ia6ok2-3-8-2-3-2-3-2-2-2-2-3":{"name":"didomi-donotsell","offsetY":0,"hash":"didomi-donotsell"},"ia6ok2-3-8-2-3-2-3-2-2-2-2-3-2":{"name":"didomi-optout","offsetY":0,"hash":"didomi-optout"},"igeicrq-4-2":{"name":"caret-down","offsetY":0,"hash":"caret-down-2"},"igeicrq-4-3":{"name":"caret-down","offsetY":0,"hash":"caret-down-3"}},"links":{"i4qyc":{"type":"internal","pageId":"818ba655-8d6e-494f-bdfc-1345f32e5373","sectionId":"iee4h3-4","smoothScroll":true,"pagePath":"/","sectionHash":"video"},"ia6ok2":{"type":"internal","pageId":"45813f90-ba80-41eb-a268-272af79c74bd","pagePath":"/curation"},"idw3ec":{"type":"internal","pageId":"818ba655-8d6e-494f-bdfc-1345f32e5373","pagePath":"/"},"i1edxg1":{"url":"https://bit.ly/3WBjsq9","type":"external","newTab":true},"i25h83e":{"type":"external"},"i335f-5":{"type":"internal","pageId":"818ba655-8d6e-494f-bdfc-1345f32e5373","pagePath":"/"},"i6pdkmg":{"url":"https://bit.ly/3WBjsq9","type":"external","newTab":true},"ibefj6z":{"url":"https://bit.ly/40MHJfk","type":"external","newTab":true},"iolnzn9":{"url":"https://www.awwwards.com/sites/peach-web","type":"external","newTab":true},"iu2pwdz":{"url":"builder.peachworlds.com","type":"external","newTab":true},"ia6ok2-3":{"type":"internal","pageId":"383c0979-e9c9-4737-9b8e-93435832f458","pagePath":"/monetization"},"i335f-5-2":{"type":"internal","pageId":"818ba655-8d6e-494f-bdfc-1345f32e5373","sectionId":"i58eb-2-2","pagePath":"/","sectionHash":"hero"},"ioqrg-2-2":{"url":"https://partner.curated.media/","type":"external","newTab":true},"ipavn-2-2":{"type":"internal","pageId":"ec63cbc7-6be7-497f-8c41-173e56115cea","pagePath":"/customer-stories"},"ijch4nz-2-2":{"url":"https://garrizmudze.com/","type":"external","newTab":true},"ioqrg-2-2-2":{"url":"https://app.curated.media/dashboards/","type":"external","newTab":true},"ipavn-2-2-4":{"type":"internal","pageId":"ec63cbc7-6be7-497f-8c41-173e56115cea","pagePath":"/customer-stories"},"i6wd7-2-2-2-2-4":{"type":"internal","pageId":"45813f90-ba80-41eb-a268-272af79c74bd","pagePath":"/curation"},"ipavn-2-2-2-2-2-2":{"url":"https://partner.curated.media/","type":"external","newTab":true},"i56x6r-2-5-2-2-3-7":{"url":"https://www.linkedin.com/company/curated-media-platform/","type":"external","newTab":true},"i56x6r-2-5-2-2-3-2-3-7-7":{"url":"https://www.linkedin.com/company/peachweb-builder/","type":"external","newTab":true},"ioqrg-2-2-2-2-2-3-3-4-2":{"type":"internal","pageId":"0ad5137b-c419-4be9-969b-0759bd5a19ef","newTab":true,"pagePath":"/media-agency"},"ioqrg-2-2-2-2-2-3-3-4-2-6":{"type":"external","url":"https://app.curated.media/pmp-library/audience-segment/","newTab":true},"i335f-6":{"type":"internal","pageId":"818ba655-8d6e-494f-bdfc-1345f32e5373","pagePath":"/"},"ioqrg-2-2-2-3-2":{"type":"internal","pageId":"ec63cbc7-6be7-497f-8c41-173e56115cea","newTab":true,"pagePath":"/customer-stories"},"ioqrg-2-2-2-2-2-3-3-4-2-6-2":{"type":"external","url":"https://app.curated.media/pmp-library/custom-pmp-library/?tab=CTV%20Packages","newTab":true},"ioqrg-2-2-2-2-2-3-3-4-2-6-2-2":{"type":"external","url":"https://app.curated.media/pmp-library/custom-pmp-library/?tab=Performance","newTab":true},"ioqrg-2-2-2-3-3":{"url":"https://app.curated.media/dashboards/","type":"external","newTab":true},"ioqrg-2-2-2-2-2-2-3-4":{"url":"https://app.curated.media/help/book-a-demo/","type":"external","newTab":true},"i1k927h":{"type":"external","url":"https://www.curated.media/","newTab":true},"ia6ok2-3-8":{"type":"internal","pageId":"0ad5137b-c419-4be9-969b-0759bd5a19ef","pagePath":"/media-agency"},"ia6ok2-3-8-2":{"type":"internal","pageId":"b080ba05-a13d-4e63-b159-b9df6f408284","pagePath":"/direct-advertiser"},"ia6ok2-3-8-2-2":{"type":"internal","pageId":"324884fe-8559-466e-836f-1811b662b824","pagePath":"/publisher"},"ia6ok2-3-8-2-2-2":{"type":"internal","pageId":"ea799bee-b3d0-46d7-a24e-a228a32422ad","pagePath":"/ad-tech"},"ia6ok2-3-8-2-3-2-3":{"type":"internal","pageId":"67283c5b-f9d7-46f6-a8b8-cad95b684202","newTab":true,"pagePath":"/partners-directory"},"ia6ok2-3-8-2-3-2-3-2":{"type":"external","newTab":true,"url":"https://app.curated.media/help/live-chat/"},"ia6ok2-3-8-2-3-2-3-2-2":{"type":"external","newTab":true,"url":"https://curatedmedia.statuspage.io/#"},"ia6ok2-3-8-2-3-2-3-2-2-2":{"type":"external","newTab":true,"url":"https://app.curated.media/help/book-a-demo/"},"ia6ok2-3-8-2-3-2-3-2-2-2-2":{"type":"external","newTab":true,"url":"https://app.curated.media/help/documentation/"},"ia6ok2-3-8-2-3-2-3-2-2-2-2-2":{"type":"external","newTab":true,"url":"https://app.curated.media/help/contact-us/"},"ia6ok2-3-8-2-3-2-3-4":{"type":"external","newTab":true,"url":"https://app.curated.media/privacy-policy/"},"ia6ok2-3-8-2-3-2-3-2-2-3":{"type":"external","newTab":true,"url":"https://app.curated.media/services-privacy-policy/"},"ia6ok2-3-8-2-3-2-3-2-2-2-3":{"type":"external","newTab":true,"url":"https://app.curated.media/help/consumer-access-request-form/"},"ia6ok2-3-8-2-3-2-3-4-2":{"type":"external","newTab":true,"url":"https://app.curated.media/terms-of-service/"},"i6wd7-2-2-2-2-4-5":{"type":"internal","pageId":"383c0979-e9c9-4737-9b8e-93435832f458","pagePath":"/monetization"},"i6wd7-2-2-2-2-4-3":{"type":"internal","pageId":"ea799bee-b3d0-46d7-a24e-a228a32422ad","pagePath":"/ad-tech"},"i6wd7-2-2-2-2-4-5-2":{"type":"internal","pageId":"324884fe-8559-466e-836f-1811b662b824","pagePath":"/publisher"},"i6wd7-2-2-2-2-4-5-2-2":{"type":"internal","pageId":"0ad5137b-c419-4be9-969b-0759bd5a19ef","pagePath":"/media-agency"},"i6wd7-2-2-2-2-4-3-2":{"type":"internal","pageId":"b080ba05-a13d-4e63-b159-b9df6f408284","pagePath":"/direct-advertiser"},"i6wd7-2-2-2-2-4-2":{"type":"internal","pageId":"8ac38f69-84b3-4592-ba61-a1660a00ddf1","pagePath":"/youtube"},"i6wd7-2-2-2-2-4-5-2-2-2":{"type":"internal","pageId":"4959a4da-ea4b-487f-83dc-e4c7ef4b5b4f","pagePath":"/display-native"},"i6wd7-2-2-2-2-4-3-2-2":{"type":"internal","pageId":"8a0d4a7f-4f89-4bf5-9dde-ef8560e65440","pagePath":"/video-audio"},"i6wd7-2-2-2-2-4-5-2-3":{"type":"internal","pageId":"6fd751b2-897e-45d2-b359-04ba6742035c","pagePath":"/dooh"},"i6wd7-2-2-2-2-4-3-5":{"type":"internal","pageId":"a786bfe3-28b3-46f7-bfea-d64b489e7198","pagePath":"/ctv"},"i6wd7-2-2-2-2-4-2-2":{"type":"external"},"i6wd7-2-2-2-2-4-5-3-2":{"type":"external"},"i6wd7-2-2-2-2-4-5-2-2-2-2":{"type":"external","url":"https://sensible-innovation-510703.framer.app/partners-directory"},"i6wd7-2-2-2-2-4-3-2-2-2":{"type":"external"},"i6wd7-2-2-2-2-4-3-5-2":{"type":"external","newTab":true,"url":"https://app.curated.media/help/book-a-demo/"},"i6wd7-2-2-2-2-4-3-5-2-2":{"type":"external","url":"https://curatedmedia.statuspage.io/#","newTab":true},"i6wd7-2-2-2-2-4-3-5-2-2-2":{"type":"external","newTab":true,"url":"https://app.curated.media/help/documentation/"},"i6wd7-2-2-2-2-4-3-5-2-3":{"type":"external","newTab":true,"url":"https://app.curated.media/help/contact-us/"},"ioqrg-2-2-2-2-2-3-3-4-2-2":{"type":"internal","pageId":"b080ba05-a13d-4e63-b159-b9df6f408284","newTab":true,"pagePath":"/direct-advertiser"},"ioqrg-2-2-2-2-2-3-3-4-2-2-2":{"type":"internal","pageId":"324884fe-8559-466e-836f-1811b662b824","newTab":true,"pagePath":"/publisher"},"iqdyvit-5-2-2":{"type":"internal","pageId":"4bb8f531-10f4-4730-86ed-b58237679e29"},"ioqrg-2-2-2-2-2-3-3-4-2-2-2-2":{"type":"internal","pageId":"ea799bee-b3d0-46d7-a24e-a228a32422ad","newTab":true,"pagePath":"/ad-tech"},"ijch4nz-2-2-3":{"url":"","type":"external","newTab":true},"i1j7jnd-2":{"type":"external","newTab":true,"url":"https://app.curated.media/pmp-library/custom-pmp-library/?tab=CTV%20Packages"},"i1j7jnd-2-3":{"type":"external","url":"https://app.curated.media/pmp-library/custom-pmp-library/?tab=Sensitive%20Categories","newTab":true},"i1j7jnd-2-4":{"type":"external","url":"https://app.curated.media/pmp-library/custom-pmp-library/?tab=Performance","newTab":true},"i1j7jnd-2-3-2":{"type":"external","url":"https://app.curated.media/pmp-library/custom-pmp-library/?tab=Performance","newTab":true},"ioqrg-2-2-2-3-3-2":{"url":"https://app.curated.media/dashboards/","type":"external","newTab":true},"ioqrg-2-2-2-2-2-2-3-4-2":{"url":"https://app.curated.media/help/book-a-demo/","type":"external","newTab":true},"ioqrg-2-2-2-2-2-2-3-4-4":{"url":"https://app.curated.media/help/book-a-demo/","type":"external","newTab":true},"ioqrg-2-2-2-3-3-4":{"url":"https://app.curated.media/dashboards/","type":"external","newTab":true},"ioqrg-2-2-2-2-2-2-3-4-5":{"url":"https://app.curated.media/help/book-a-demo/","type":"external","newTab":true},"ioqrg-2-2-2-2-2-2-3-4-5-2":{"url":"https://app.curated.media/help/book-a-demo/","type":"external","newTab":true},"ioqrg-2-2-2-3-3-4-2":{"url":"https://app.curated.media/dashboards/","type":"external","newTab":true},"ioqrg-2-2-2-2-2-2-3-4-5-3":{"url":"https://app.curated.media/help/book-a-demo/","type":"external","newTab":true},"ioqrg-2-2-2-2-2-2-3-4-5-4":{"url":"https://app.curated.media/help/book-a-demo/","type":"external","newTab":true},"iukycqg-2-2":{"type":"external","newTab":true,"url":"https://app.curated.media/help/live-chat/"},"ia6ok2-3-8-2-3-2-3-2-2-2-2-3":{"type":"external","url":"javascript:Didomi.preferences.show()"},"ia6ok2-3-8-2-3-2-3-2-2-2-2-3-2":{"type":"external","newTab":false,"url":"javascript:Didomi.preferences.show()"},"ia6ok2-2":{"type":"internal","pageId":"45813f90-ba80-41eb-a268-272af79c74bd","pagePath":"/curation"},"ia6ok2-3-9":{"type":"internal","pageId":"383c0979-e9c9-4737-9b8e-93435832f458","pagePath":"/monetization"},"ia6ok2-3-8-3":{"type":"internal","pageId":"0ad5137b-c419-4be9-969b-0759bd5a19ef","pagePath":"/media-agency"},"ia6ok2-3-8-2-4":{"type":"internal","pageId":"b080ba05-a13d-4e63-b159-b9df6f408284","pagePath":"/direct-advertiser"},"ia6ok2-3-8-2-2-3":{"type":"internal","pageId":"324884fe-8559-466e-836f-1811b662b824","pagePath":"/publisher"},"ia6ok2-3-8-2-2-2-2":{"type":"internal","pageId":"ea799bee-b3d0-46d7-a24e-a228a32422ad","pagePath":"/ad-tech"},"ia6ok2-3-8-2-3-2-2-2-2-2":{"type":"internal","pageId":"a786bfe3-28b3-46f7-bfea-d64b489e7198","pagePath":"/ctv"},"ia6ok2-3-8-2-3-2-4":{"type":"internal","pageId":"4959a4da-ea4b-487f-83dc-e4c7ef4b5b4f","pagePath":"/display-native"},"ia6ok2-3-8-2-3-2-2-2-3":{"type":"internal","pageId":"6fd751b2-897e-45d2-b359-04ba6742035c","pagePath":"/dooh"},"ia6ok2-3-8-2-3-2-2-3":{"type":"internal","pageId":"8a0d4a7f-4f89-4bf5-9dde-ef8560e65440","pagePath":"/video-audio"},"ia6ok2-3-8-2-3-3":{"type":"internal","pageId":"8ac38f69-84b3-4592-ba61-a1660a00ddf1","pagePath":"/youtube"},"ia6ok2-3-8-2-3-2-3-3":{"type":"internal","pageId":"67283c5b-f9d7-46f6-a8b8-cad95b684202","newTab":true,"pagePath":"/partners-directory"},"ia6ok2-3-8-2-3-2-3-2-3":{"type":"external","newTab":true,"url":"https://app.curated.media/help/live-chat/"},"ia6ok2-3-8-2-3-2-3-2-2-4":{"type":"external","newTab":true,"url":"https://curatedmedia.statuspage.io/#"},"ia6ok2-3-8-2-3-2-3-2-2-2-4":{"type":"external","newTab":true,"url":"https://app.curated.media/help/book-a-demo/"},"ia6ok2-3-8-2-3-2-3-2-2-2-2-4":{"type":"external","newTab":true,"url":"https://app.curated.media/help/documentation/"},"ia6ok2-3-8-2-3-2-3-2-2-2-2-2-2":{"type":"external","newTab":true,"url":"https://app.curated.media/help/contact-us/"},"ia6ok2-3-8-2-3-2-3-4-3":{"type":"external","newTab":true,"url":"https://app.curated.media/privacy-policy/"},"ia6ok2-3-8-2-3-2-3-4-2-2":{"type":"external","newTab":true,"url":"https://app.curated.media/terms-of-service/"},"ia6ok2-3-8-2-3-2-3-2-2-3-2":{"type":"external","newTab":true,"url":"https://app.curated.media/services-privacy-policy/"},"ia6ok2-3-8-2-3-2-3-2-2-2-3-2":{"type":"external","newTab":true,"url":"https://app.curated.media/help/consumer-access-request-form/"},"ioqrg-2-2-2-3-3-2-2":{"url":"https://app.curated.media/dashboards/","type":"external","newTab":true},"ioqrg-2-2-2-2-2-2-3-4-2-2":{"url":"https://app.curated.media/help/book-a-demo/","type":"external","newTab":true},"iawqb1g":{"type":"internal","pageId":"818ba655-8d6e-494f-bdfc-1345f32e5373","sectionId":"iee4h3-4","smoothScroll":true,"pagePath":"/","sectionHash":"video"},"ioqrg-2-2-2-3-3-2-2-2":{"url":"https://app.curated.media/dashboards/","type":"external","newTab":true},"ioqrg-2-2-2-2-2-2-3-4-2-2-2":{"url":"https://app.curated.media/help/book-a-demo/","type":"external","newTab":true},"ioqrg-2-2-2-3-3-2-2-2-2":{"type":"internal","pageId":"ec63cbc7-6be7-497f-8c41-173e56115cea","newTab":true,"pagePath":"/customer-stories"},"ioqrg-2-2-2-2-2-2-3-4-2-2-2-2":{"url":"https://app.curated.media/help/book-a-demo/","type":"external","newTab":true},"ioqrg-2-2-2-2-2-2-3-4-2-2-3":{"url":"https://app.curated.media/help/book-a-demo/","type":"external","newTab":true},"ioqrg-2-2-2-3-3-2-2-4":{"url":"https://app.curated.media/dashboards/","type":"external","newTab":true},"ioqrg-2-2-2-2-2-2-3-4-2-2-4":{"url":"https://app.curated.media/help/book-a-demo/","type":"external","newTab":true},"i56x6r-2-5-2-2-3-7-2":{"url":"https://www.linkedin.com/company/curated-media-platform/","type":"external","newTab":true},"ioqrg-2-2-2-3-3-2-2-5":{"url":"https://curated.media/dashboards/","type":"external","newTab":true},"ioqrg-2-2-2-2-2-2-3-4-2-2-5":{"url":"https://app.curated.media/help/book-a-demo/","type":"external","newTab":true},"ijn8ii-2-2-3":{"type":"external"},"i1k927h-2":{"type":"external","url":"https://www.curated.media/","newTab":true},"i56x6r-2-5-2-2-3-7-2-2":{"url":"https://www.linkedin.com/company/curated-media-platform/","type":"external","newTab":true},"ipavn-2-2-2-2-2-2-4":{"url":"https://partner.curated.media/","type":"external","newTab":true},"i6wd7-2-2-2-2-4-4":{"type":"internal","pageId":"45813f90-ba80-41eb-a268-272af79c74bd","pagePath":"/curation"},"i6wd7-2-2-2-2-4-5-3":{"type":"internal","pageId":"383c0979-e9c9-4737-9b8e-93435832f458","pagePath":"/monetization"},"i6wd7-2-2-2-2-4-5-2-2-3":{"type":"internal","pageId":"0ad5137b-c419-4be9-969b-0759bd5a19ef","pagePath":"/media-agency"},"i6wd7-2-2-2-2-4-3-2-3":{"type":"internal","pageId":"b080ba05-a13d-4e63-b159-b9df6f408284","pagePath":"/direct-advertiser"},"i6wd7-2-2-2-2-4-5-2-4":{"type":"internal","pageId":"324884fe-8559-466e-836f-1811b662b824","pagePath":"/publisher"},"i6wd7-2-2-2-2-4-3-11":{"type":"internal","pageId":"ea799bee-b3d0-46d7-a24e-a228a32422ad","pagePath":"/ad-tech"},"i335f-5-4":{"type":"internal","pageId":"818ba655-8d6e-494f-bdfc-1345f32e5373","pagePath":"/"},"i6wd7-2-2-2-2-4-2-3":{"type":"internal","pageId":"8ac38f69-84b3-4592-ba61-a1660a00ddf1","pagePath":"/youtube"},"i6wd7-2-2-2-2-4-5-2-2-2-3":{"type":"internal","pageId":"4959a4da-ea4b-487f-83dc-e4c7ef4b5b4f","pagePath":"/display-native"},"i6wd7-2-2-2-2-4-3-2-2-3":{"type":"internal","pageId":"8a0d4a7f-4f89-4bf5-9dde-ef8560e65440","pagePath":"/video-audio"},"i6wd7-2-2-2-2-4-5-2-3-2":{"type":"internal","pageId":"6fd751b2-897e-45d2-b359-04ba6742035c","pagePath":"/dooh"},"i6wd7-2-2-2-2-4-3-5-3":{"type":"internal","pageId":"a786bfe3-28b3-46f7-bfea-d64b489e7198","pagePath":"/ctv"},"i335f-5-4-2":{"type":"internal","pageId":"818ba655-8d6e-494f-bdfc-1345f32e5373","pagePath":"/"},"i6wd7-2-2-2-2-4-5-2-2-2-2-2":{"type":"external","url":"https://sensible-innovation-510703.framer.app/partners-directory"},"i6wd7-2-2-2-2-4-3-2-2-2-2":{"type":"external"},"iukycqg-2-2-2":{"type":"external","newTab":true,"url":"https://app.curated.media/help/live-chat/"},"i6wd7-2-2-2-2-4-3-5-2-2-3":{"type":"external","url":"https://curatedmedia.statuspage.io/#","newTab":true},"i6wd7-2-2-2-2-4-3-5-2-4":{"type":"external","newTab":true,"url":"https://app.curated.media/help/book-a-demo/"},"i6wd7-2-2-2-2-4-3-5-2-2-2-2":{"type":"external","newTab":true,"url":"https://app.curated.media/help/documentation/"},"i6wd7-2-2-2-2-4-3-5-2-3-2":{"type":"external","newTab":true,"url":"https://app.curated.media/help/contact-us/"},"ipavn-2-2-4-3":{"type":"external","newTab":true,"url":"https://partner.curated.media/"},"ia6ok2-3-8-2-3-2-2-2-2-3-2-3":{"type":"internal","pageId":"a786bfe3-28b3-46f7-bfea-d64b489e7198","pagePath":"/ctv"},"ia6ok2-3-8-2-3-2-5-2-3":{"type":"internal","pageId":"4959a4da-ea4b-487f-83dc-e4c7ef4b5b4f","pagePath":"/display-native"},"ia6ok2-3-8-2-3-2-2-2-4-2-3":{"type":"internal","pageId":"6fd751b2-897e-45d2-b359-04ba6742035c","pagePath":"/dooh"},"ia6ok2-3-8-2-3-2-2-4-2-3":{"type":"internal","pageId":"8a0d4a7f-4f89-4bf5-9dde-ef8560e65440","pagePath":"/video-audio"},"ia6ok2-3-8-2-3-4-2-3":{"type":"internal","pageId":"8ac38f69-84b3-4592-ba61-a1660a00ddf1","pagePath":"/youtube"},"i30luj3-2-2":{"type":"internal","pageId":"67283c5b-f9d7-46f6-a8b8-cad95b684202","newTab":true,"pagePath":"/partners-directory"},"i30luj3-2-2-2":{"type":"internal","pageId":"67283c5b-f9d7-46f6-a8b8-cad95b684202","newTab":true,"pagePath":"/partners-directory"}},"scrollAnimations":{"i4qyc":{"start":"bottom","effectA":"fade","effectB":"fade","sectionId":"i58eb-2-2","type":"section"},"i1edxg1":{"type":"section","start":"bottom","effectB":"fade","sectionId":"ixlw3c-2-2-3-2"},"i6pdkmg":{"type":"section","start":"bottom","effectB":"fade","sectionId":"ixlw3c-2-2-3-2"},"iawqb1g":{"type":"section","start":"bottom","effectA":"fade","effectB":"fade","sectionId":"i58eb-2-2"},"ibefj6z":{"type":"section","start":"bottom","effectB":"fade","sectionId":"ixlw3c-2-2-3-2"},"iho6tu9":{"type":"section","start":"bottom","effectA":"fade","sectionId":"ilex4h"},"i54bq-2-2":{"type":"section","start":"bottom","effectA":"fade","effectB":"fade","sectionId":"i58eb-2-2"},"ixycwt-2-2":{"start":"bottom","effectA":"fade","sectionId":"iqidrx-2-2","effectB":"fade","type":"section"},"ixycwt-2-2-3":{"type":"section","start":"bottom","effectA":"fade","sectionId":"iqidrx-2-2"}},"interactions":{"ipavn":[{"actions":[{"id":"i7lb35","type":"uiOverlay","event":"open"}],"mouseCursor":"pointer","triggerType":"mouseEnter"},{"actions":[{"id":"i7lb35","type":"uiOverlay","event":"open"}],"mouseCursor":"pointer","triggerType":"mouseClick"},{"triggerType":"mouseEnter","mouseCursor":"pointer","actions":[{"type":"uiOverlay","event":"close","id":"i7lb35-4"}]},{"triggerType":"mouseEnter","mouseCursor":"pointer","actions":[{"type":"uiOverlay","event":"close","id":"i7lb35-4-2"}]}],"ipavn-2":[{"actions":[{"id":"i7lb35-4","type":"uiOverlay","event":"open"}],"mouseCursor":"pointer","triggerType":"mouseClick"},{"actions":[{"id":"i7lb35-4","type":"uiOverlay","event":"open"}],"mouseCursor":"pointer","triggerType":"mouseEnter"},{"triggerType":"mouseEnter","mouseCursor":"pointer","actions":[{"type":"uiOverlay","event":"close","id":"i7lb35"}]},{"triggerType":"mouseEnter","mouseCursor":"pointer","actions":[{"type":"uiOverlay","event":"close","id":"i7lb35-4-2"}]}],"ipavn-6":[{"actions":[{"id":"ixj1tk-2-2","type":"uiOverlay","event":"open"}],"mouseCursor":"pointer","triggerType":"mouseClick"}],"ipe2yfu":[{"actions":[{"id":"ixj1tk-2","type":"uiOverlay","event":"open"}],"mouseCursor":"pointer","triggerType":"mouseClick"}],"ipavn-2-3":[{"actions":[{"id":"i7lb35-4-2","type":"uiOverlay","event":"open"}],"mouseCursor":"pointer","triggerType":"mouseClick"},{"actions":[{"id":"i7lb35-4-2","type":"uiOverlay","event":"open"}],"mouseCursor":"pointer","triggerType":"mouseEnter"},{"triggerType":"mouseEnter","mouseCursor":"pointer","actions":[{"type":"uiOverlay","event":"close","id":"i7lb35"}]},{"triggerType":"mouseEnter","mouseCursor":"pointer","actions":[{"type":"uiOverlay","event":"close","id":"i7lb35-4"}]}],"ipavn-2-6":[{"actions":[{"id":"ik48q6m","type":"uiOverlay","event":"open"}],"mouseCursor":"pointer","triggerType":"mouseClick"}],"ipe2yfu-2":[{"actions":[{"id":"ixj1tk-2","type":"uiOverlay","event":"close"}],"mouseCursor":"pointer","triggerType":"mouseClick"}],"ipavn-2-3-4":[{"actions":[{"id":"ijk79y6","type":"uiOverlay","event":"open"}],"mouseCursor":"pointer","triggerType":"mouseClick"}],"ipe2yfu-2-2":[{"actions":[{"id":"ixj1tk-2-2","type":"uiOverlay","event":"close"},{"id":"ixj1tk-2","type":"uiOverlay","event":"close"}],"mouseCursor":"pointer","triggerType":"mouseClick"}],"i8i2vn-2-2-2-2-6-2":[{"actions":[{"id":"ixj1tk-2-2","type":"uiOverlay","event":"close"}],"mouseCursor":"pointer","triggerType":"mouseClick"}],"i7lb35":[{"triggerType":"mouseClick","mouseCursor":"pointer","actions":[{"type":"uiOverlay","event":"close","id":"i7lb35-4"}]},{"triggerType":"mouseClick","mouseCursor":"pointer","actions":[{"type":"uiOverlay","event":"close","id":"i7lb35-4-2"}]}],"i7lb35-4":[{"triggerType":"mouseClick","mouseCursor":"pointer","actions":[{"type":"uiOverlay","event":"open","id":"i7lb35-4"}]},{"triggerType":"mouseClick","mouseCursor":"pointer","actions":[{"type":"uiOverlay","event":"close","id":"i7lb35-4-2"}]}],"i7lb35-4-2":[{"triggerType":"mouseClick","mouseCursor":"pointer","actions":[{"type":"uiOverlay","event":"open","id":"i7lb35-4-2"}]},{"triggerType":"mouseClick","mouseCursor":"pointer","actions":[{"type":"uiOverlay","event":"close","id":"i7lb35-4"}]}],"ipavn-2-2":[{"triggerType":"mouseEnter","mouseCursor":"pointer","actions":[{"type":"uiOverlay","event":"close","id":"i7lb35"}]},{"triggerType":"mouseEnter","mouseCursor":"pointer","actions":[{"type":"uiOverlay","event":"close","id":"i7lb35-4"}]},{"triggerType":"mouseEnter","mouseCursor":"pointer","actions":[{"type":"uiOverlay","event":"close","id":"i7lb35-4-2"}]}],"ipe2yfu-2-4":[{"actions":[{"id":"ixj1tk-2","type":"uiOverlay","event":"close"}],"mouseCursor":"pointer","triggerType":"mouseClick"}],"i8i2vn-2-2-2-2-6-2-3":[{"actions":[{"id":"ijk79y6","type":"uiOverlay","event":"close"}],"mouseCursor":"pointer","triggerType":"mouseClick"}],"ipe2yfu-2-4-2":[{"actions":[{"id":"ixj1tk-2","type":"uiOverlay","event":"close"}],"mouseCursor":"pointer","triggerType":"mouseClick"}],"i8i2vn-2-2-2-2-6-2-3-2":[{"actions":[{"id":"ik48q6m","type":"uiOverlay","event":"close"}],"mouseCursor":"pointer","triggerType":"mouseClick"}]},"relativeOverlays":{"i7lb35":{"position":"bottom","align":"center","offsetOrthogonal":8,"offsetParallel":0,"dismissType":"auto"},"iymxp2":{"align":"center","position":"bottom","dismissType":"auto","offsetParallel":0,"offsetOrthogonal":-26},"ijk79y6":{"align":"center","position":"top","dismissType":"none","offsetParallel":0,"offsetOrthogonal":0},"ik48q6m":{"align":"center","position":"top","dismissType":"none","offsetParallel":0,"offsetOrthogonal":0},"i7lb35-2":{"align":"center","position":"bottom","dismissType":"auto","offsetParallel":0,"offsetOrthogonal":8},"i7lb35-3":{"align":"center","position":"bottom","dismissType":"auto","offsetParallel":0,"offsetOrthogonal":8},"i7lb35-5":{"align":"center","position":"bottom","dismissType":"auto","offsetParallel":0,"offsetOrthogonal":8},"iknl7h-2":{"align":"center","position":"bottom","dismissType":"auto","offsetParallel":0,"offsetOrthogonal":8},"iknl7h-3":{"align":"center","position":"bottom","dismissType":"auto","offsetParallel":0,"offsetOrthogonal":8},"iknl7h-5":{"align":"center","position":"bottom","dismissType":"auto","offsetParallel":0,"offsetOrthogonal":8},"ixj1tk-2":{"align":"center","position":"top","dismissType":"none","offsetParallel":0,"offsetOrthogonal":0},"ijk79y6-2":{"align":"center","position":"bottom","dismissType":"auto","offsetParallel":0,"offsetOrthogonal":8},"ik48q6m-2":{"align":"center","position":"bottom","dismissType":"auto","offsetParallel":0,"offsetOrthogonal":8},"i7lb35-2-2":{"align":"center","position":"bottom","dismissType":"auto","offsetParallel":0,"offsetOrthogonal":8},"i7lb35-2-3":{"align":"center","position":"bottom","dismissType":"auto","offsetParallel":0,"offsetOrthogonal":8},"i7lb35-2-4":{"align":"center","position":"bottom","dismissType":"auto","offsetParallel":0,"offsetOrthogonal":8},"iknl7h-2-2":{"align":"center","position":"bottom","dismissType":"auto","offsetParallel":0,"offsetOrthogonal":8},"iknl7h-2-3":{"align":"center","position":"bottom","dismissType":"auto","offsetParallel":0,"offsetOrthogonal":8},"iknl7h-2-4":{"align":"center","position":"bottom","dismissType":"auto","offsetParallel":0,"offsetOrthogonal":8},"ixj1tk-2-2":{"align":"center","position":"top","dismissType":"none","offsetParallel":0,"offsetOrthogonal":0},"ixj1tk-2-3":{"align":"center","position":"bottom","dismissType":"auto","offsetParallel":0,"offsetOrthogonal":8},"ijk79y6-2-2":{"align":"center","position":"bottom","dismissType":"auto","offsetParallel":0,"offsetOrthogonal":8},"ijk79y6-2-3":{"align":"center","position":"bottom","dismissType":"auto","offsetParallel":0,"offsetOrthogonal":8},"ijk79y6-2-4":{"align":"center","position":"bottom","dismissType":"auto","offsetParallel":0,"offsetOrthogonal":8},"ijk79y6-2-5":{"align":"center","position":"bottom","dismissType":"auto","offsetParallel":0,"offsetOrthogonal":8},"ijk79y6-2-6":{"align":"center","position":"bottom","dismissType":"auto","offsetParallel":0,"offsetOrthogonal":8},"ik48q6m-2-2":{"align":"center","position":"bottom","dismissType":"auto","offsetParallel":0,"offsetOrthogonal":8},"ik48q6m-2-3":{"align":"center","position":"bottom","dismissType":"auto","offsetParallel":0,"offsetOrthogonal":8},"ik48q6m-2-4":{"align":"center","position":"bottom","dismissType":"auto","offsetParallel":0,"offsetOrthogonal":8},"ik48q6m-2-5":{"align":"center","position":"bottom","dismissType":"auto","offsetParallel":0,"offsetOrthogonal":8},"ik48q6m-2-6":{"align":"center","position":"bottom","dismissType":"auto","offsetParallel":0,"offsetOrthogonal":8},"i7lb35-2-2-2":{"align":"center","position":"bottom","dismissType":"auto","offsetParallel":0,"offsetOrthogonal":8},"i7lb35-2-4-2":{"align":"center","position":"bottom","dismissType":"auto","offsetParallel":0,"offsetOrthogonal":8},"i7lb35-2-4-3":{"align":"center","position":"bottom","dismissType":"auto","offsetParallel":0,"offsetOrthogonal":8},"iknl7h-2-2-2":{"align":"center","position":"bottom","dismissType":"auto","offsetParallel":0,"offsetOrthogonal":8},"iknl7h-2-4-2":{"align":"center","position":"bottom","dismissType":"auto","offsetParallel":0,"offsetOrthogonal":8},"ixj1tk-2-2-2":{"align":"center","position":"bottom","dismissType":"auto","offsetParallel":0,"offsetOrthogonal":8},"ixj1tk-2-3-2":{"align":"center","position":"bottom","dismissType":"auto","offsetParallel":0,"offsetOrthogonal":8},"ixj1tk-2-3-3":{"align":"center","position":"bottom","dismissType":"auto","offsetParallel":0,"offsetOrthogonal":8},"ixj1tk-2-3-4":{"align":"center","position":"bottom","dismissType":"auto","offsetParallel":0,"offsetOrthogonal":8},"ixj1tk-2-3-5":{"align":"center","position":"bottom","dismissType":"auto","offsetParallel":0,"offsetOrthogonal":8},"ixj1tk-2-3-6":{"align":"center","position":"bottom","dismissType":"auto","offsetParallel":0,"offsetOrthogonal":8},"ijk79y6-2-6-2":{"align":"center","position":"bottom","dismissType":"auto","offsetParallel":0,"offsetOrthogonal":8},"ik48q6m-2-6-2":{"align":"center","position":"bottom","dismissType":"auto","offsetParallel":0,"offsetOrthogonal":8},"i7lb35-2-4-2-3":{"align":"center","position":"bottom","dismissType":"auto","offsetParallel":0,"offsetOrthogonal":8},"ixj1tk-2-2-2-2":{"align":"center","position":"bottom","dismissType":"auto","offsetParallel":0,"offsetOrthogonal":8},"ixj1tk-2-2-2-3":{"align":"center","position":"bottom","dismissType":"auto","offsetParallel":0,"offsetOrthogonal":8},"ixj1tk-2-2-2-4":{"align":"center","position":"bottom","dismissType":"auto","offsetParallel":0,"offsetOrthogonal":8},"ixj1tk-2-2-2-5":{"align":"center","position":"bottom","dismissType":"auto","offsetParallel":0,"offsetOrthogonal":8},"ixj1tk-2-2-2-6":{"align":"center","position":"bottom","dismissType":"auto","offsetParallel":0,"offsetOrthogonal":8},"ixj1tk-2-3-6-2":{"align":"center","position":"bottom","dismissType":"auto","offsetParallel":0,"offsetOrthogonal":8},"i7lb35-2-4-2-2-2":{"align":"center","position":"bottom","dismissType":"auto","offsetParallel":0,"offsetOrthogonal":8},"i7lb35-2-4-2-2-3":{"align":"center","position":"bottom","dismissType":"auto","offsetParallel":0,"offsetOrthogonal":8},"i7lb35-2-4-2-2-4":{"align":"center","position":"bottom","dismissType":"auto","offsetParallel":0,"offsetOrthogonal":8},"i7lb35-2-4-2-2-5":{"align":"center","position":"bottom","dismissType":"auto","offsetParallel":0,"offsetOrthogonal":8},"i7lb35-2-4-2-2-6":{"align":"center","position":"bottom","dismissType":"auto","offsetParallel":0,"offsetOrthogonal":8},"i7lb35-2-4-2-2-8":{"align":"center","position":"bottom","dismissType":"auto","offsetParallel":0,"offsetOrthogonal":8},"ixj1tk-2-2-2-6-2":{"align":"center","position":"bottom","dismissType":"auto","offsetParallel":0,"offsetOrthogonal":8},"i7lb35-4":{"align":"center","position":"bottom","dismissType":"auto","offsetParallel":0,"offsetOrthogonal":8},"i7lb35-4-2":{"align":"center","position":"bottom","dismissType":"auto","offsetParallel":0,"offsetOrthogonal":8},"ixj1tk-2-4":{"position":"bottom","align":"center","offsetOrthogonal":8,"offsetParallel":0,"dismissType":"auto"},"ixj1tk-2-2-3":{"position":"bottom","align":"center","offsetOrthogonal":8,"offsetParallel":0,"dismissType":"auto"},"ijk79y6-3":{"position":"bottom","align":"center","offsetOrthogonal":8,"offsetParallel":0,"dismissType":"auto"},"ik48q6m-3":{"position":"bottom","align":"center","offsetOrthogonal":8,"offsetParallel":0,"dismissType":"auto"},"i7lb35-6":{"position":"bottom","align":"center","offsetOrthogonal":8,"offsetParallel":0,"dismissType":"auto"},"i7lb35-4-3":{"position":"bottom","align":"center","offsetOrthogonal":8,"offsetParallel":0,"dismissType":"auto"},"i7lb35-4-2-2":{"position":"bottom","align":"center","offsetOrthogonal":8,"offsetParallel":0,"dismissType":"auto"},"ixj1tk-2-4-2":{"position":"bottom","align":"center","offsetOrthogonal":8,"offsetParallel":0,"dismissType":"auto"},"ixj1tk-2-2-3-2":{"position":"bottom","align":"center","offsetOrthogonal":8,"offsetParallel":0,"dismissType":"auto"},"ijk79y6-3-2":{"position":"bottom","align":"center","offsetOrthogonal":8,"offsetParallel":0,"dismissType":"auto"},"ik48q6m-3-2":{"position":"bottom","align":"center","offsetOrthogonal":8,"offsetParallel":0,"dismissType":"auto"},"i7lb35-6-2":{"position":"bottom","align":"center","offsetOrthogonal":8,"offsetParallel":0,"dismissType":"auto"},"i7lb35-4-3-2":{"position":"bottom","align":"center","offsetOrthogonal":8,"offsetParallel":0,"dismissType":"auto"},"i7lb35-4-2-2-2":{"position":"bottom","align":"center","offsetOrthogonal":8,"offsetParallel":0,"dismissType":"auto"},"i7lb35-4-4":{"position":"bottom","align":"center","offsetOrthogonal":8,"offsetParallel":0,"dismissType":"auto"},"i7lb35-4-2-3":{"position":"bottom","align":"center","offsetOrthogonal":8,"offsetParallel":0,"dismissType":"auto"},"i7lb35-4-4-2":{"position":"bottom","align":"center","offsetOrthogonal":8,"offsetParallel":0,"dismissType":"auto"},"i7lb35-4-2-3-2":{"position":"bottom","align":"center","offsetOrthogonal":8,"offsetParallel":0,"dismissType":"auto"},"ixj1tk-2-3-2-2":{"position":"bottom","align":"center","offsetOrthogonal":8,"offsetParallel":0,"dismissType":"auto"},"ixj1tk-2-2-2-2-2":{"position":"bottom","align":"center","offsetOrthogonal":8,"offsetParallel":0,"dismissType":"auto"},"ijk79y6-2-2-2":{"position":"bottom","align":"center","offsetOrthogonal":8,"offsetParallel":0,"dismissType":"auto"},"ik48q6m-2-2-2":{"position":"bottom","align":"center","offsetOrthogonal":8,"offsetParallel":0,"dismissType":"auto"},"i7lb35-4-4-2-2":{"position":"bottom","align":"center","offsetOrthogonal":8,"offsetParallel":0,"dismissType":"auto"},"i7lb35-4-2-3-2-2":{"position":"bottom","align":"center","offsetOrthogonal":8,"offsetParallel":0,"dismissType":"auto"},"ixj1tk-2-3-2-2-2":{"position":"bottom","align":"center","offsetOrthogonal":8,"offsetParallel":0,"dismissType":"auto"},"ixj1tk-2-2-2-2-2-2":{"position":"bottom","align":"center","offsetOrthogonal":8,"offsetParallel":0,"dismissType":"auto"},"ijk79y6-2-2-2-2":{"position":"bottom","align":"center","offsetOrthogonal":8,"offsetParallel":0,"dismissType":"auto"},"ik48q6m-2-2-2-2":{"position":"bottom","align":"center","offsetOrthogonal":8,"offsetParallel":0,"dismissType":"auto"},"i7lb35-2-2-2-2":{"position":"bottom","align":"center","offsetOrthogonal":8,"offsetParallel":0,"dismissType":"auto"},"i7lb35-4-4-2-2-2":{"position":"bottom","align":"center","offsetOrthogonal":8,"offsetParallel":0,"dismissType":"auto"},"i7lb35-4-2-3-2-2-2":{"position":"bottom","align":"center","offsetOrthogonal":8,"offsetParallel":0,"dismissType":"auto"},"ixj1tk-2-3-2-2-3":{"position":"bottom","align":"center","offsetOrthogonal":8,"offsetParallel":0,"dismissType":"auto"},"ixj1tk-2-2-2-2-2-3":{"position":"bottom","align":"center","offsetOrthogonal":8,"offsetParallel":0,"dismissType":"auto"},"ijk79y6-2-2-2-3":{"position":"bottom","align":"center","offsetOrthogonal":8,"offsetParallel":0,"dismissType":"auto"},"ik48q6m-2-2-2-3":{"position":"bottom","align":"center","offsetOrthogonal":8,"offsetParallel":0,"dismissType":"auto"},"i7lb35-2-2-2-3":{"position":"bottom","align":"center","offsetOrthogonal":8,"offsetParallel":0,"dismissType":"auto"},"i7lb35-4-4-2-2-3":{"position":"bottom","align":"center","offsetOrthogonal":8,"offsetParallel":0,"dismissType":"auto"},"i7lb35-4-2-3-2-2-3":{"position":"bottom","align":"center","offsetOrthogonal":8,"offsetParallel":0,"dismissType":"auto"},"ixj1tk-2-3-2-2-3-2":{"position":"bottom","align":"center","offsetOrthogonal":8,"offsetParallel":0,"dismissType":"auto"},"ixj1tk-2-2-2-2-2-3-2":{"position":"bottom","align":"center","offsetOrthogonal":8,"offsetParallel":0,"dismissType":"auto"},"ijk79y6-2-2-2-3-2":{"position":"bottom","align":"center","offsetOrthogonal":8,"offsetParallel":0,"dismissType":"auto"},"ik48q6m-2-2-2-3-2":{"position":"bottom","align":"center","offsetOrthogonal":8,"offsetParallel":0,"dismissType":"auto"},"i7lb35-2-2-2-3-2":{"position":"bottom","align":"center","offsetOrthogonal":8,"offsetParallel":0,"dismissType":"auto"},"i7lb35-4-4-2-2-3-2":{"position":"bottom","align":"center","offsetOrthogonal":8,"offsetParallel":0,"dismissType":"auto"},"i7lb35-4-2-3-2-2-3-2":{"position":"bottom","align":"center","offsetOrthogonal":8,"offsetParallel":0,"dismissType":"auto"},"ixj1tk-2-3-2-2-3-3":{"position":"bottom","align":"center","offsetOrthogonal":8,"offsetParallel":0,"dismissType":"auto"},"ixj1tk-2-2-2-2-2-3-3":{"position":"bottom","align":"center","offsetOrthogonal":8,"offsetParallel":0,"dismissType":"auto"},"ijk79y6-2-2-2-3-3":{"position":"bottom","align":"center","offsetOrthogonal":8,"offsetParallel":0,"dismissType":"auto"},"ik48q6m-2-2-2-3-3":{"position":"bottom","align":"center","offsetOrthogonal":8,"offsetParallel":0,"dismissType":"auto"},"i7lb35-2-2-2-3-3":{"position":"bottom","align":"center","offsetOrthogonal":8,"offsetParallel":0,"dismissType":"auto"},"i7lb35-4-4-2-2-3-3":{"position":"bottom","align":"center","offsetOrthogonal":8,"offsetParallel":0,"dismissType":"auto"},"i7lb35-4-2-3-2-2-3-3":{"position":"bottom","align":"center","offsetOrthogonal":8,"offsetParallel":0,"dismissType":"auto"},"ixj1tk-2-3-2-2-3-3-2":{"position":"bottom","align":"center","offsetOrthogonal":8,"offsetParallel":0,"dismissType":"auto"},"ixj1tk-2-2-2-2-2-3-3-2":{"position":"bottom","align":"center","offsetOrthogonal":8,"offsetParallel":0,"dismissType":"auto"},"ijk79y6-2-2-2-3-3-2":{"position":"bottom","align":"center","offsetOrthogonal":8,"offsetParallel":0,"dismissType":"auto"},"ik48q6m-2-2-2-3-3-2":{"position":"bottom","align":"center","offsetOrthogonal":8,"offsetParallel":0,"dismissType":"auto"},"i7lb35-2-2-2-3-3-2":{"position":"bottom","align":"center","offsetOrthogonal":8,"offsetParallel":0,"dismissType":"auto"},"i7lb35-4-4-2-2-3-3-2":{"position":"bottom","align":"center","offsetOrthogonal":8,"offsetParallel":0,"dismissType":"auto"},"i7lb35-4-2-3-2-2-3-3-2":{"position":"bottom","align":"center","offsetOrthogonal":8,"offsetParallel":0,"dismissType":"auto"},"ixj1tk-2-3-2-2-3-3-2-2":{"position":"bottom","align":"center","offsetOrthogonal":8,"offsetParallel":0,"dismissType":"auto"},"ixj1tk-2-2-2-2-2-3-3-2-2":{"position":"bottom","align":"center","offsetOrthogonal":8,"offsetParallel":0,"dismissType":"auto"},"ijk79y6-2-2-2-3-3-2-2":{"position":"bottom","align":"center","offsetOrthogonal":8,"offsetParallel":0,"dismissType":"auto"},"ik48q6m-2-2-2-3-3-2-2":{"position":"bottom","align":"center","offsetOrthogonal":8,"offsetParallel":0,"dismissType":"auto"},"i7lb35-2-2-2-3-3-2-2":{"position":"bottom","align":"center","offsetOrthogonal":8,"offsetParallel":0,"dismissType":"auto"},"i7lb35-4-4-2-2-3-3-2-2":{"position":"bottom","align":"center","offsetOrthogonal":8,"offsetParallel":0,"dismissType":"auto"},"i7lb35-4-2-3-2-2-3-3-2-2":{"position":"bottom","align":"center","offsetOrthogonal":8,"offsetParallel":0,"dismissType":"auto"},"ixj1tk-2-3-2-2-3-3-2-2-2":{"position":"bottom","align":"center","offsetOrthogonal":8,"offsetParallel":0,"dismissType":"auto"},"ixj1tk-2-2-2-2-2-3-3-2-2-2":{"position":"bottom","align":"center","offsetOrthogonal":8,"offsetParallel":0,"dismissType":"auto"},"ijk79y6-2-2-2-3-3-2-2-2":{"position":"bottom","align":"center","offsetOrthogonal":8,"offsetParallel":0,"dismissType":"auto"},"ik48q6m-2-2-2-3-3-2-2-2":{"position":"bottom","align":"center","offsetOrthogonal":8,"offsetParallel":0,"dismissType":"auto"},"i7lb35-2-2-2-3-3-2-2-2":{"position":"bottom","align":"center","offsetOrthogonal":8,"offsetParallel":0,"dismissType":"auto"},"i7lb35-4-4-2-2-3-3-2-2-2":{"position":"bottom","align":"center","offsetOrthogonal":8,"offsetParallel":0,"dismissType":"auto"},"i7lb35-4-2-3-2-2-3-3-2-2-2":{"position":"bottom","align":"center","offsetOrthogonal":8,"offsetParallel":0,"dismissType":"auto"},"ixj1tk-2-3-2-2-3-3-2-2-2-2":{"position":"bottom","align":"center","offsetOrthogonal":8,"offsetParallel":0,"dismissType":"auto"},"ixj1tk-2-2-2-2-2-3-3-2-2-2-2":{"position":"bottom","align":"center","offsetOrthogonal":8,"offsetParallel":0,"dismissType":"auto"},"ijk79y6-2-2-2-3-3-2-2-2-2":{"position":"bottom","align":"center","offsetOrthogonal":8,"offsetParallel":0,"dismissType":"auto"},"ik48q6m-2-2-2-3-3-2-2-2-2":{"position":"bottom","align":"center","offsetOrthogonal":8,"offsetParallel":0,"dismissType":"auto"},"i7lb35-2-2-2-3-3-2-2-2-2":{"position":"bottom","align":"center","offsetOrthogonal":8,"offsetParallel":0,"dismissType":"auto"},"i7lb35-4-4-2-2-3-3-2-2-2-2":{"position":"bottom","align":"center","offsetOrthogonal":8,"offsetParallel":0,"dismissType":"auto"},"i7lb35-4-2-3-2-2-3-3-2-2-2-2":{"position":"bottom","align":"center","offsetOrthogonal":8,"offsetParallel":0,"dismissType":"auto"},"ixj1tk-2-3-2-2-3-3-2-2-2-2-2":{"position":"bottom","align":"center","offsetOrthogonal":8,"offsetParallel":0,"dismissType":"auto"},"ixj1tk-2-2-2-2-2-3-3-2-2-2-2-2":{"position":"bottom","align":"center","offsetOrthogonal":8,"offsetParallel":0,"dismissType":"auto"},"ijk79y6-2-2-2-3-3-2-2-2-2-2":{"position":"bottom","align":"center","offsetOrthogonal":8,"offsetParallel":0,"dismissType":"auto"},"ik48q6m-2-2-2-3-3-2-2-2-2-2":{"position":"bottom","align":"center","offsetOrthogonal":8,"offsetParallel":0,"dismissType":"auto"},"i7lb35-2-2-2-3-3-2-2-2-2-2":{"position":"bottom","align":"center","offsetOrthogonal":8,"offsetParallel":0,"dismissType":"auto"},"i7lb35-4-4-2-2-3-3-2-2-2-2-2":{"position":"bottom","align":"center","offsetOrthogonal":8,"offsetParallel":0,"dismissType":"auto"},"i7lb35-4-2-3-2-2-3-3-2-2-2-2-2":{"position":"bottom","align":"center","offsetOrthogonal":8,"offsetParallel":0,"dismissType":"auto"}},"anchors":{"iee4h3-3":{"percentage":0.05},"iee4h3-4":{"percentage":0},"iee4h3-3-3":{"percentage":0.15},"iee4h3-3-2-2-2-2-2":{"percentage":0.35},"iee4h3-3-2-2-2-2-2-2":{"percentage":0.75},"iee4h3-3-2-2-2-2-2-3":{"percentage":0.3},"iee4h3-3-2-2-2-2-2-3-2":{"percentage":0.33},"iee4h3-3-3-2":{"percentage":0.18},"iee4h3-3-3-2-2":{"percentage":0.21},"iee4h3-3-2-2-2-2-2-4-2":{"percentage":0.53},"iee4h3-3-2-2-2-2-2-4-2-2":{"percentage":0.6},"iee4h3-3-2-2-2-2-2-4-3":{"percentage":0.44},"iee4h3-3-3-3":{"percentage":0.14},"iee4h3-3-2":{"percentage":0.13},"iee4h3-3-2-2-2-2-2-5":{"percentage":0.41}}}